{
"openrouter:meta-llama/llama-3.3-70b-instruct:free": 1776988095.9453068,
"openrouter:nousresearch/hermes-3-llama-3.1-405b:free": 1776988096.149167,
"openrouter:nvidia/nemotron-3-super-120b-a12b:free": 1776988096.2785301,
"openrouter:openai/gpt-oss-120b:free": 1776988096.760489,
"openrouter:qwen/qwen3-next-80b-a3b-instruct:free": 1776988096.943786,
"openrouter:openrouter/free": 1776988097.8250308,
"openrouter:google/gemma-4-31b-it:free": 1776988097.952781,
"openrouter:google/gemma-4-26b-a4b-it:free": 1776988098.1143198,
"openrouter:minimax/minimax-m2.5:free": 1776988098.4120698,
"openrouter:z-ai/glm-4.5-air:free": 1776988098.531142,
"openrouter:arcee-ai/trinity-large-preview:free": 1776988098.727062,
"openrouter:qwen/qwen3-coder:free": 1776988098.947001,
"openrouter:inclusionai/ling-2.6-flash:free": 1776988099.189089,
"openrouter:google/gemma-3-27b-it:free": 1776988099.316673,
"openrouter:google/gemma-3-12b-it:free": 1776988099.481583,
"openrouter:google/gemma-3-4b-it:free": 1776988099.598298,
"openrouter:google/gemma-3n-e4b-it:free": 1776988099.723289,
"openrouter:google/gemma-3n-e2b-it:free": 1776988099.859704,
"openrouter:nvidia/nemotron-3-nano-30b-a3b:free": 1776988099.9788759,
"openrouter:nvidia/nemotron-nano-9b-v2:free": 1776988100.13117,
"openrouter:nvidia/nemotron-nano-12b-v2-vl:free": 1776988100.2779012,
"openrouter:openai/gpt-oss-20b:free": 1776988100.665837,
"openrouter:meta-llama/llama-3.2-3b-instruct:free": 1776988100.891347,
"openrouter:liquid/lfm-2.5-1.2b-instruct:free": 1776988101.0455282,
"openrouter:cognitivecomputations/dolphin-mistral-24b-venice-edition:free": 1776988101.2491462
}