{
"gemini:gemini-2.5-flash": 1777252680.2795644,
"openrouter:deepseek/deepseek-r1-0528:free": 1777252782.7405336,
"openrouter:qwen/qwen3-235b-thinking:free": 1777259198.210224,
"openrouter:nvidia/nemotron-3-super-120b-a12b:free": 1777259330.7984283,
"openrouter:qwen/qwen3-next-80b-a3b-instruct:free": 1777255960.3384721,
"openrouter:meta-llama/llama-3.3-70b-instruct:free": 1777253027.703476
}