{
"openrouter:qwen/qwen3-235b-thinking:free": 1777087125.4790027,
"openrouter:deepseek/deepseek-r1-0528:free": 1777087136.7699566,
"gemini:gemini-2.5-flash": 1777165560.2145023,
"openrouter:qwen/qwen3-next-80b-a3b-instruct:free": 1777082779.6877239,
"openrouter:meta-llama/llama-3.3-70b-instruct:free": 1777079804.2403772,
"openrouter:qwen/qwen3-coder:free": 1777082801.6727939
}