{
"openrouter:qwen/qwen3-next-80b-a3b-instruct:free": 1776913877.3264458,
"openrouter:qwen/qwen3-235b-thinking:free": 1776996791.9432564,
"openrouter:meta-llama/llama-3.3-70b-instruct:free": 1776913992.0536656,
"openrouter:qwen/qwen3-coder:free": 1776913992.2112813,
"groq:qwen/qwen3-32b": 1776911936.2983472,
"openrouter:deepseek/deepseek-r1-0528:free": 1776997804.8246326,
"image:pollinations": 1776912120.5823936
}