{
"gemini:gemini-2.5-flash": 1777252680.2795644,
"openrouter:meta-llama/llama-3.3-70b-instruct:free": 1777169957.090193,
"openrouter:deepseek/deepseek-r1-0528:free": 1777252782.7405336
}