{
"gemini:gemini-2.5-flash": 1777425540.2227917,
"openrouter:deepseek/deepseek-r1-0528:free": 1777425742.9990847,
"openrouter:meta-llama/llama-3.3-70b-instruct:free": 1777342962.8421843
}