{
"gemini:gemini-2.5-flash": 1777425540.2227917,
"openrouter:deepseek/deepseek-r1-0528:free": 1777425742.9990847,
"openrouter:qwen/qwen3-next-80b-a3b-instruct:free": 1777429000.3576546,
"openrouter:qwen/qwen3-235b-thinking:free": 1777511819.578536,
"openrouter:meta-llama/llama-3.3-70b-instruct:free": 1777429042.7174444
}