{
  "mlp": {
    "fourier": {
      "in_domain": {
        "mean": 0.7986666666666667,
        "std": 0.012270108212870643,
        "values": [
          0.7908333333333334,
          0.7991666666666667,
          0.8116666666666666,
          0.7825,
          0.8091666666666667
        ]
      },
      "scale_2x": {
        "mean": 0.789,
        "std": 0.014232689290659161,
        "values": [
          0.7883333333333333,
          0.7958333333333333,
          0.8016666666666666,
          0.765,
          0.7941666666666667
        ]
      },
      "scale_4x": {
        "mean": 0.8003333333333333,
        "std": 0.010301024760241613,
        "values": [
          0.79,
          0.7925,
          0.8041666666666667,
          0.7991666666666667,
          0.8158333333333333
        ]
      },
      "translated_crop": {
        "mean": 0.5963333333333333,
        "std": 0.017124949310549482,
        "values": [
          0.6241666666666666,
          0.58,
          0.5975,
          0.595,
          0.585
        ]
      }
    },
    "normalized": {
      "in_domain": {
        "mean": 0.8833333333333334,
        "std": 0.024769773246169732,
        "values": [
          0.8483333333333334,
          0.8966666666666666,
          0.8841666666666667,
          0.8733333333333333,
          0.9141666666666667
        ]
      },
      "scale_2x": {
        "mean": 0.8818333333333334,
        "std": 0.026558373862535765,
        "values": [
          0.8558333333333333,
          0.9008333333333334,
          0.8641666666666666,
          0.87,
          0.9183333333333333
        ]
      },
      "scale_4x": {
        "mean": 0.8873333333333333,
        "std": 0.015914266834789734,
        "values": [
          0.8658333333333333,
          0.8983333333333333,
          0.8958333333333334,
          0.875,
          0.9016666666666666
        ]
      },
      "translated_crop": {
        "mean": 0.8166666666666668,
        "std": 0.07270564703729078,
        "values": [
          0.7841666666666667,
          0.7758333333333334,
          0.895,
          0.8925,
          0.7358333333333333
        ]
      }
    },
    "quantized_32": {
      "in_domain": {
        "mean": 0.8873333333333335,
        "std": 0.023276717027011257,
        "values": [
          0.8541666666666666,
          0.8991666666666667,
          0.8791666666666667,
          0.8875,
          0.9166666666666666
        ]
      },
      "scale_2x": {
        "mean": 0.8873333333333333,
        "std": 0.028139039705639468,
        "values": [
          0.8525,
          0.9075,
          0.87,
          0.8841666666666667,
          0.9225
        ]
      },
      "scale_4x": {
        "mean": 0.8921666666666667,
        "std": 0.01453683061896384,
        "values": [
          0.8708333333333333,
          0.9041666666666667,
          0.895,
          0.885,
          0.9058333333333334
        ]
      },
      "translated_crop": {
        "mean": 0.7985,
        "std": 0.07133012064416486,
        "values": [
          0.7833333333333333,
          0.7475,
          0.8891666666666667,
          0.8533333333333334,
          0.7191666666666666
        ]
      }
    },
    "raw_pixels": {
      "in_domain": {
        "mean": 0.9078333333333333,
        "std": 0.009365272731390869,
        "values": [
          0.9141666666666667,
          0.8941666666666667,
          0.9041666666666667,
          0.9083333333333333,
          0.9183333333333333
        ]
      },
      "scale_2x": {
        "mean": 0.9019999999999999,
        "std": 0.014344472415843253,
        "values": [
          0.9083333333333333,
          0.8816666666666667,
          0.9008333333333334,
          0.8983333333333333,
          0.9208333333333333
        ]
      },
      "scale_4x": {
        "mean": 0.908,
        "std": 0.012340650982288868,
        "values": [
          0.9058333333333334,
          0.8875,
          0.9183333333333333,
          0.9133333333333333,
          0.915
        ]
      },
      "translated_crop": {
        "mean": 0.5355,
        "std": 0.07116247060229304,
        "values": [
          0.5275,
          0.455,
          0.5383333333333333,
          0.6491666666666667,
          0.5075
        ]
      }
    }
  },
  "transformer": {
    "fourier": {
      "in_domain": {
        "mean": 0.9228333333333334,
        "std": 0.006937218462755783,
        "values": [
          0.9325,
          0.92,
          0.9183333333333333,
          0.9158333333333334,
          0.9275
        ]
      },
      "scale_2x": {
        "mean": 0.9179999999999999,
        "std": 0.009178023268172235,
        "values": [
          0.9125,
          0.9116666666666666,
          0.9108333333333334,
          0.9233333333333333,
          0.9316666666666666
        ]
      },
      "scale_4x": {
        "mean": 0.9195,
        "std": 0.010665364503850767,
        "values": [
          0.9083333333333333,
          0.91,
          0.9308333333333333,
          0.93,
          0.9183333333333333
        ]
      },
      "translated_crop": {
        "mean": 0.6496666666666666,
        "std": 0.0431832336291143,
        "values": [
          0.6108333333333333,
          0.6316666666666667,
          0.6466666666666666,
          0.7233333333333334,
          0.6358333333333334
        ]
      }
    },
    "normalized": {
      "in_domain": {
        "mean": 0.9559999999999998,
        "std": 0.011294664423719918,
        "values": [
          0.9666666666666667,
          0.9383333333333334,
          0.9516666666666667,
          0.9625,
          0.9608333333333333
        ]
      },
      "scale_2x": {
        "mean": 0.9550000000000001,
        "std": 0.006561673228343162,
        "values": [
          0.9625,
          0.9475,
          0.9491666666666667,
          0.9558333333333333,
          0.96
        ]
      },
      "scale_4x": {
        "mean": 0.9511666666666667,
        "std": 0.01231248237449388,
        "values": [
          0.9525,
          0.9316666666666666,
          0.9541666666666667,
          0.9516666666666667,
          0.9658333333333333
        ]
      },
      "translated_crop": {
        "mean": 0.6741666666666666,
        "std": 0.0367848474239054,
        "values": [
          0.6283333333333333,
          0.6633333333333333,
          0.7291666666666666,
          0.6841666666666667,
          0.6658333333333334
        ]
      }
    },
    "quantized_32": {
      "in_domain": {
        "mean": 0.9521666666666666,
        "std": 0.005639641438562851,
        "values": [
          0.955,
          0.9441666666666667,
          0.9566666666666667,
          0.9566666666666667,
          0.9483333333333334
        ]
      },
      "scale_2x": {
        "mean": 0.9498333333333333,
        "std": 0.010694624818103737,
        "values": [
          0.9375,
          0.9533333333333334,
          0.9558333333333333,
          0.9625,
          0.94
        ]
      },
      "scale_4x": {
        "mean": 0.9496666666666668,
        "std": 0.007373940601876317,
        "values": [
          0.9433333333333334,
          0.9491666666666667,
          0.9558333333333333,
          0.9583333333333334,
          0.9416666666666667
        ]
      },
      "translated_crop": {
        "mean": 0.6788333333333334,
        "std": 0.0240990433189554,
        "values": [
          0.6408333333333334,
          0.6825,
          0.6941666666666667,
          0.6733333333333333,
          0.7033333333333334
        ]
      }
    },
    "raw_pixels": {
      "in_domain": {
        "mean": 0.3485,
        "std": 0.017867179719001848,
        "values": [
          0.3491666666666667,
          0.3516666666666667,
          0.35,
          0.37083333333333335,
          0.32083333333333336
        ]
      },
      "scale_2x": {
        "mean": 0.3446666666666667,
        "std": 0.02003989077370989,