{
  "fourier": {
    "in_domain": {
      "mean": 0.7986666666666667,
      "std": 0.012270108212870643,
      "values": [
        0.7908333333333334,
        0.7991666666666667,
        0.8116666666666666,
        0.7825,
        0.8091666666666667
      ]
    },
    "scale_2x": {
      "mean": 0.789,
      "std": 0.014232689290659161,
      "values": [
        0.7883333333333333,
        0.7958333333333333,
        0.8016666666666666,
        0.765,
        0.7941666666666667
      ]
    },
    "scale_4x": {
      "mean": 0.8003333333333333,
      "std": 0.010301024760241613,
      "values": [
        0.79,
        0.7925,
        0.8041666666666667,
        0.7991666666666667,
        0.8158333333333333
      ]
    },
    "translated_crop": {
      "mean": 0.5963333333333333,
      "std": 0.017124949310549482,
      "values": [
        0.6241666666666666,
        0.58,
        0.5975,
        0.595,
        0.585
      ]
    }
  },
  "normalized": {
    "in_domain": {
      "mean": 0.8833333333333334,
      "std": 0.024769773246169732,
      "values": [
        0.8483333333333334,
        0.8966666666666666,
        0.8841666666666667,
        0.8733333333333333,
        0.9141666666666667
      ]
    },
    "scale_2x": {
      "mean": 0.8818333333333334,
      "std": 0.026558373862535765,
      "values": [
        0.8558333333333333,
        0.9008333333333334,
        0.8641666666666666,
        0.87,
        0.9183333333333333
      ]
    },
    "scale_4x": {
      "mean": 0.8873333333333333,
      "std": 0.015914266834789734,
      "values": [
        0.8658333333333333,
        0.8983333333333333,
        0.8958333333333334,
        0.875,
        0.9016666666666666
      ]
    },
    "translated_crop": {
      "mean": 0.8166666666666668,
      "std": 0.07270564703729078,
      "values": [
        0.7841666666666667,
        0.7758333333333334,
        0.895,
        0.8925,
        0.7358333333333333
      ]
    }
  },
  "quantized_32": {
    "in_domain": {
      "mean": 0.8873333333333335,
      "std": 0.023276717027011257,
      "values": [
        0.8541666666666666,
        0.8991666666666667,
        0.8791666666666667,
        0.8875,
        0.9166666666666666
      ]
    },
    "scale_2x": {
      "mean": 0.8873333333333333,
      "std": 0.028139039705639468,
      "values": [
        0.8525,
        0.9075,
        0.87,
        0.8841666666666667,
        0.9225
      ]
    },
    "scale_4x": {
      "mean": 0.8921666666666667,
      "std": 0.01453683061896384,
      "values": [
        0.8708333333333333,
        0.9041666666666667,
        0.895,
        0.885,
        0.9058333333333334
      ]
    },
    "translated_crop": {
      "mean": 0.7985,
      "std": 0.07133012064416486,
      "values": [
        0.7833333333333333,
        0.7475,
        0.8891666666666667,
        0.8533333333333334,
        0.7191666666666666
      ]
    }
  },
  "raw_pixels": {
    "in_domain": {
      "mean": 0.9078333333333333,
      "std": 0.009365272731390869,
      "values": [
        0.9141666666666667,
        0.8941666666666667,
        0.9041666666666667,
        0.9083333333333333,
        0.9183333333333333
      ]
    },
    "scale_2x": {
      "mean": 0.9019999999999999,
      "std": 0.014344472415843253,
      "values": [
        0.9083333333333333,
        0.8816666666666667,
        0.9008333333333334,
        0.8983333333333333,
        0.9208333333333333
      ]
    },
    "scale_4x": {
      "mean": 0.908,
      "std": 0.012340650982288868,
      "values": [
        0.9058333333333334,
        0.8875,
        0.9183333333333333,
        0.9133333333333333,
        0.915
      ]
    },
    "translated_crop": {
      "mean": 0.5355,
      "std": 0.07116247060229304,
      "values": [
        0.5275,
        0.455,
        0.5383333333333333,
        0.6491666666666667,
        0.5075
      ]
    }
  }
}